{"cameraMode":{"drawMode":0,"name":"Shaded","section":"Shading Mode"},"sceneLighting":true,"audioPlay":false,"sceneViewState":{"showFog":true,"showMaterialUpdate":true,"showSkybox":true,"showFlares":true,"showImageEffects":true,"showParticleSystems":true},"in2DMode":false,"pivot":{"x":11.795804977416993,"y":1.5205163955688477,"z":-5.966621398925781},"rotation":{"x":0.08142096549272537,"y":-0.45826438069343569,"z":0.04214794561266899,"w":0.8841267824172974},"size":40.067508697509769,"orthographic":false}