{"cameraMode":{"drawMode":0,"name":"Shaded","section":"Shading Mode"},"sceneLighting":false,"audioPlay":false,"sceneViewState":{"showFog":true,"showMaterialUpdate":true,"showSkybox":false,"showFlares":true,"showImageEffects":true,"showParticleSystems":true},"in2DMode":false,"pivot":{"x":-8.794005393981934,"y":4.99677038192749,"z":-1.3806055784225464},"rotation":{"x":-0.10817617923021317,"y":-0.8118799328804016,"z":0.159349262714386,"w":-0.5511474609375},"size":4.21469783782959,"orthographic":false}