{"cameraMode":{"drawMode":0,"name":"Shaded","section":"Shading Mode"},"sceneLighting":false,"audioPlay":false,"sceneViewState":{"showFog":true,"showMaterialUpdate":true,"showSkybox":false,"showFlares":true,"showImageEffects":true,"showParticleSystems":true},"in2DMode":false,"pivot":{"x":-30.66227912902832,"y":0.5490339994430542,"z":-6.95206356048584},"rotation":{"x":-0.03200623765587807,"y":0.6825417280197144,"z":-0.029893659055233,"w":-0.7295761704444885},"size":70.0231704711914,"orthographic":false}